skeleton-id,filename,coord-src-0,coord-src-1,coord-dst-0,coord-dst-1,branch-distance
0.0,test_image_1.png,476.0,1405.0,721.0,1438.0,260.32590180780477
1.0,test_image_1.png,481.0,448.0,999.0,470.0,566.6345596729069
2.0,test_image_1.png,575.0,572.0,638.0,566.0,69.62741699796949
0.0,test_image_10.png,533.0,1932.0,586.0,1934.0,55.48528137423857
1.0,test_image_10.png,568.0,2456.0,599.0,2453.0,33.071067811865476
0.0,test_image_10.png,586.0,1934.0,611.0,1937.0,41.556349186104036
0.0,test_image_10.png,586.0,1934.0,611.0,1937.0,27.89949493661167
1.0,test_image_10.png,599.0,2453.0,620.0,2431.0,33.041630560342625
1.0,test_image_10.png,599.0,2453.0,617.0,2458.0,20.071067811865476
2.0,test_image_10.png,605.0,400.0,634.0,399.0,30.242640687119287
0.0,test_image_10.png,611.0,1937.0,661.0,1934.0,52.071067811865476
3.0,test_image_10.png,615.0,883.0,631.0,893.0,20.72792206135786
1.0,test_image_10.png,617.0,2458.0,796.0,2549.0,229.48023074035535
1.0,test_image_10.png,617.0,2458.0,726.0,2459.0,111.07106781186546
3.0,test_image_10.png,631.0,893.0,634.0,911.0,21.48528137423857
3.0,test_image_10.png,631.0,893.0,676.0,900.0,47.89949493661167
2.0,test_image_10.png,634.0,399.0,674.0,400.0,45.97056274847712
2.0,test_image_10.png,634.0,399.0,674.0,405.0,48.38477631085023
0.0,test_image_10.png,661.0,1934.0,805.0,1961.0,164.94112549695427
0.0,test_image_10.png,661.0,1934.0,844.0,1923.0,190.04163056034264
2.0,test_image_10.png,674.0,400.0,674.0,405.0,5.0
2.0,test_image_10.png,674.0,400.0,680.0,395.0,8.071067811865476
2.0,test_image_10.png,674.0,405.0,736.0,415.0,67.55634918610404
3.0,test_image_10.png,676.0,900.0,722.0,851.0,73.91168824543138
3.0,test_image_10.png,676.0,900.0,738.0,908.0,65.89949493661166
2.0,test_image_10.png,680.0,395.0,848.0,333.0,206.75230867899748
2.0,test_image_10.png,680.0,395.0,755.0,403.0,81.38477631085021
1.0,test_image_10.png,726.0,2459.0,727.0,2456.0,3.414213562373095
1.0,test_image_10.png,726.0,2459.0,739.0,2460.0,13.414213562373096
2.0,test_image_10.png,736.0,415.0,755.0,403.0,25.72792206135786
2.0,test_image_10.png,736.0,415.0,840.0,505.0,153.58073580374352
3.0,test_image_10.png,738.0,908.0,974.0,844.0,277.33809511662434
3.0,test_image_10.png,738.0,908.0,836.0,910.0,104.38477631085021
1.0,test_image_10.png,739.0,2460.0,796.0,2549.0,114.36753236814702
1.0,test_image_10.png,739.0,2460.0,775.0,2457.0,38.071067811865476
2.0,test_image_10.png,755.0,403.0,823.0,382.0,79.18376618407352
4.0,test_image_10.png,768.0,1417.0,790.0,1412.0,24.65685424949238
1.0,test_image_10.png,775.0,2457.0,893.0,2488.0,137.42640687119285
1.0,test_image_10.png,775.0,2457.0,855.0,2446.0,84.55634918610403
4.0,test_image_10.png,790.0,1412.0,810.0,1445.0,41.870057685088796
4.0,test_image_10.png,790.0,1412.0,925.0,1392.0,145.76955262170046
1.0,test_image_10.png,796.0,2549.0,990.0,2646.0,235.9360748630711
2.0,test_image_10.png,823.0,382.0,848.0,333.0,59.94112549695425
2.0,test_image_10.png,823.0,382.0,967.0,344.0,160.5685424949238
3.0,test_image_10.png,836.0,910.0,860.0,932.0,40.72792206135786
3.0,test_image_10.png,836.0,910.0,858.0,911.0,22.414213562373096
0.0,test_image_10.png,844.0,1923.0,848.0,1912.0,12.656854249492381
0.0,test_image_10.png,844.0,1923.0,1766.0,2016.0,984.5462479183386
2.0,test_image_10.png,848.0,333.0,959.0,302.0,123.84062043356587
1.0,test_image_10.png,855.0,2446.0,893.0,2488.0,63.01219330881972
1.0,test_image_10.png,855.0,2446.0,1017.0,2434.0,170.28427124746196
3.0,test_image_10.png,858.0,911.0,860.0,932.0,21.82842712474619
3.0,test_image_10.png,858.0,911.0,911.0,897.0,58.79898987322332
3.0,test_image_10.png,860.0,932.0,1013.0,1022.0,192.6223663640863
1.0,test_image_10.png,893.0,2488.0,955.0,2502.0,69.45584412271567
3.0,test_image_10.png,911.0,897.0,1776.0,710.0,948.1147904132629
3.0,test_image_10.png,911.0,897.0,1016.0,905.0,112.21320343559641
4.0,test_image_10.png,925.0,1392.0,970.0,1348.0,69.66904755831209
4.0,test_image_10.png,925.0,1392.0,1086.0,1398.0,165.97056274847716
1.0,test_image_10.png,955.0,2502.0,956.0,2494.0,8.414213562373096
1.0,test_image_10.png,955.0,2502.0,1078.0,2557.0,146.953318805774
2.0,test_image_10.png,967.0,344.0,1039.0,334.0,77.31370849898475
2.0,test_image_10.png,967.0,344.0,1018.0,411.0,90.4680374315354
1.0,test_image_10.png,1017.0,2434.0,1021.0,2424.0,11.656854249492381
1.0,test_image_10.png,1017.0,2434.0,1241.0,2447.0,234.9411254969544
2.0,test_image_10.png,1039.0,334.0,1097.0,314.0,67.45584412271569
2.0,test_image_10.png,1039.0,334.0,1106.0,384.0,92.98275605729684
4.0,test_image_10.png,1086.0,1398.0,1134.0,1429.0,63.76955262170045
4.0,test_image_10.png,1086.0,1398.0,1127.0,1382.0,48.21320343559641
2.0,test_image_10.png,1097.0,314.0,1173.0,264.0,101.98275605729684
2.0,test_image_10.png,1097.0,314.0,1274.0,288.0,188.59797974644673
4.0,test_image_10.png,1127.0,1382.0,1143.0,1352.0,37.798989873223334
4.0,test_image_10.png,1127.0,1382.0,1411.0,1383.0,295.1837661840737
1.0,test_image_10.png,1241.0,2447.0,1302.0,2507.0,97.2253967444161
1.0,test_image_10.png,1241.0,2447.0,1365.0,2480.0,137.66904755831206
2.0,test_image_10.png,1274.0,288.0,1299.0,275.0,34.72792206135786
2.0,test_image_10.png,1274.0,288.0,1299.0,288.0,28.313708498984763
2.0,test_image_10.png,1299.0,275.0,1299.0,288.0,13.0
2.0,test_image_10.png,1299.0,275.0,1326.0,267.0,30.313708498984766
2.0,test_image_10.png,1299.0,288.0,1343.0,287.0,46.89949493661166
2.0,test_image_10.png,1326.0,267.0,1328.0,263.0,4.82842712474619
2.0,test_image_10.png,1326.0,267.0,1502.0,266.0,181.38477631085027
2.0,test_image_10.png,1342.0,256.0,1413.0,239.0,78.0416305603426
1.0,test_image_10.png,1365.0,2480.0,1495.0,2478.0,136.3847763108502
1.0,test_image_10.png,1365.0,2480.0,1616.0,2535.0,277.2964645562818
4.0,test_image_10.png,1411.0,1383.0,1648.0,1468.0,277.4802307403556
4.0,test_image_10.png,1411.0,1383.0,1585.0,1341.0,191.39696961967
2.0,test_image_10.png,1413.0,239.0,1489.0,191.0,103.98275605729683
2.0,test_image_10.png,1413.0,239.0,1502.0,266.0,104.87005768508878
2.0,test_image_10.png,1485.0,199.0,1489.0,191.0,9.65685424949238
2.0,test_image_10.png,1489.0,191.0,1503.0,186.0,16.071067811865476
2.0,test_image_10.png,1502.0,266.0,1515.0,266.0,13.0
2.0,test_image_10.png,1503.0,186.0,1532.0,164.0,41.04163056034261
2.0,test_image_10.png,1503.0,186.0,1571.0,186.0,72.72792206135784
4.0,test_image_10.png,1585.0,1341.0,1590.0,1366.0,27.07106781186548
4.0,test_image_10.png,1585.0,1341.0,1627.0,1339.0,42.82842712474619
4.0,test_image_10.png,1627.0,1339.0,1669.0,1329.0,46.727922061357845
4.0,test_image_10.png,1627.0,1339.0,1642.0,1360.0,29.55634918610405
4.0,test_image_10.png,1669.0,1329.0,1710.0,1309.0,51.62741699796952
4.0,test_image_10.png,1669.0,1329.0,1718.0,1332.0,53.89949493661166
4.0,test_image_10.png,1718.0,1332.0,1719.0,1329.0,3.414213562373095
4.0,test_image_10.png,1718.0,1332.0,1961.0,1339.0,248.97056274847716
3.0,test_image_10.png,1776.0,710.0,2122.0,605.0,393.00714267493703
3.0,test_image_10.png,1776.0,710.0,1786.0,713.0,12.071067811865476
0.0,test_image_11.png,539.0,1415.0,555.0,1411.0,19.65685424949238
0.0,test_image_11.png,555.0,1411.0,562.0,1436.0,28.72792206135786
0.0,test_image_11.png,555.0,1411.0,603.0,1412.0,50.89949493661166
0.0,test_image_11.png,603.0,1412.0,732.0,1322.0,179.1665222413705
0.0,test_image_11.png,603.0,1412.0,666.0,1425.0,68.38477631085023
1.0,test_image_11.png,615.0,383.0,630.0,375.0,18.899494936611667
2.0,test_image_11.png,628.0,1916.0,637.0,1914.0,9.82842712474619
1.0,test_image_11.png,630.0,375.0,637.0,373.0,8.414213562373096
1.0,test_image_11.png,630.0,375.0,644.0,397.0,28.970562748477146
1.0,test_image_11.png,637.0,373.0,638.0,366.0,7.414213562373095
1.0,test_image_11.png,637.0,373.0,732.0,371.0,97.48528137423857
2.0,test_image_11.png,637.0,1914.0,759.0,2018.0,177.37972567696698
2.0,test_image_11.png,637.0,1914.0,677.0,1904.0,44.14213562373095
3.0,test_image_11.png,661.0,2411.0,683.0,2429.0,56.14213562373095
3.0,test_image_11.png,661.0,2411.0,668.0,2397.0,17.48528137423857
3.0,test_image_11.png,661.0,2411.0,678.0,2413.0,18.65685424949238
0.0,test_image_11.png,666.0,1425.0,835.0,1347.0,216.23759005323603
0.0,test_image_11.png,666.0,1425.0,1901.0,1311.0,1325.8843430349636
2.0,test_image_11.png,677.0,1904.0,765.0,1840.0,122.71067811865466
2.0,test_image_11.png,677.0,1904.0,788.0,1908.0,117.62741699796948
3.0,test_image_11.png,681.0,2434.0,683.0,2429.0,5.82842712474619
3.0,test_image_11.png,682.0,2389.0,710.0,2382.0,32.55634918610405
3.0,test_image_11.png,683.0,2429.0,690.0,2424.0,9.071067811865476
3.0,test_image_11.png,690.0,2424.0,701.0,2409.0,20.72792206135786
3.0,test_image_11.png,690.0,2424.0,801.0,2431.0,118.0416305603426
3.0,test_image_11.png,701.0,2409.0,710.0,2382.0,30.72792206135786
3.0,test_image_11.png,701.0,2409.0,805.0,2406.0,106.07106781186548
3.0,test_image_11.png,710.0,2382.0,825.0,2363.0,123.45584412271569
4.0,test_image_11.png,717.0,832.0,723.0,830.0,6.82842712474619
4.0,test_image_11.png,723.0,830.0,780.0,818.0,62.556349186104015
4.0,test_image_11.png,723.0,830.0,891.0,947.0,232.52186130069808
1.0,test_image_11.png,732.0,371.0,740.0,369.0,9.414213562373096
1.0,test_image_11.png,732.0,371.0,736.0,388.0,18.656854249492383
1.0,test_image_11.png,740.0,369.0,741.0,364.0,5.414213562373095
1.0,test_image_11.png,740.0,369.0,1278.0,275.0,586.8772003600263
3.0,test_image_11.png,770.0,2449.0,867.0,2513.0,129.61017305526633
4.0,test_image_11.png,780.0,818.0,803.0,775.0,52.526911934581165
4.0,test_image_11.png,780.0,818.0,892.0,770.0,132.46803743153538
2.0,test_image_11.png,788.0,1908.0,832.0,1852.0,80.08326112068518
2.0,test_image_11.png,788.0,1908.0,870.0,1915.0,84.89949493661166
3.0,test_image_11.png,801.0,2431.0,862.0,2418.0,66.97056274847714
3.0,test_image_11.png,801.0,2431.0,867.0,2507.0,109.78174593052012
3.0,test_image_11.png,862.0,2418.0,947.0,2413.0,89.31370849898475
3.0,test_image_11.png,862.0,2418.0,954.0,2520.0,153.58073580374355
3.0,test_image_11.png,867.0,2507.0,867.0,2513.0,6.0
3.0,test_image_11.png,867.0,2507.0,895.0,2517.0,35.55634918610405
3.0,test_image_11.png,867.0,2513.0,895.0,2517.0,35.55634918610404
2.0,test_image_11.png,870.0,1915.0,1094.0,1847.0,270.99494936611677
2.0,test_image_11.png,870.0,1915.0,1917.0,1884.0,1114.2741699796968
4.0,test_image_11.png,892.0,770.0,1107.0,705.0,247.78174593052043
4.0,test_image_11.png,892.0,770.0,1177.0,759.0,303.6396103067895
3.0,test_image_11.png,895.0,2517.0,954.0,2520.0,61.071067811865476
3.0,test_image_11.png,947.0,2413.0,994.0,2450.0,72.28427124746189
3.0,test_image_11.png,947.0,2413.0,1245.0,2354.0,327.7523086789979
3.0,test_image_11.png,954.0,2520.0,1068.0,2593.0,145.4091629284897
3.0,test_image_11.png,994.0,2450.0,999.0,2441.0,12.828427124746192
3.0,test_image_11.png,994.0,2450.0,1096.0,2468.0,110.6274169979695
4.0,test_image_11.png,1177.0,759.0,1383.0,715.0,230.08326112068528
4.0,test_image_11.png,1177.0,759.0,1482.0,729.0,321.56854249492403
3.0,test_image_11.png,1241.0,2368.0,1245.0,2354.0,16.242640687119284
3.0,test_image_11.png,1245.0,2354.0,1251.0,2354.0,6.0
3.0,test_image_11.png,1251.0,2348.0,1251.0,2354.0,6.0
3.0,test_image_11.png,1251.0,2354.0,1415.0,2358.0,170.62741699796956
3.0,test_image_11.png,1415.0,2358.0,2021.0,2150.0,692.7422074112327
3.0,test_image_11.png,1415.0,2358.0,1418.0,2371.0,14.242640687119286
4.0,test_image_11.png,1482.0,729.0,1484.0,724.0,5.82842712474619
4.0,test_image_11.png,1482.0,729.0,2038.0,650.0,593.6934341759525
2.0,test_image_11.png,1916.0,1895.0,1917.0,1884.0,11.414213562373096
2.0,test_image_11.png,1917.0,1884.0,2017.0,1905.0,108.69848480983495
2.0,test_image_11.png,2016.0,1918.0,2017.0,1905.0,14.242640687119287
2.0,test_image_11.png,2017.0,1905.0,2086.0,1915.0,73.14213562373094
0.0,test_image_12.png,375.0,1913.0,448.0,1913.0,78.79898987322332
1.0,test_image_12.png,400.0,2442.0,440.0,2449.0,42.89949493661166
2.0,test_image_12.png,424.0,1421.0,447.0,1414.0,25.899494936611667
1.0,test_image_12.png,432.0,2471.0,442.0,2468.0,11.242640687119286
1.0,test_image_12.png,440.0,2449.0,465.0,2448.0,26.82842712474619
1.0,test_image_12.png,440.0,2449.0,442.0,2468.0,19.82842712474619
1.0,test_image_12.png,442.0,2468.0,460.0,2483.0,25.384776310850242
2.0,test_image_12.png,447.0,1414.0,461.0,1401.0,22.899494936611667
2.0,test_image_12.png,447.0,1414.0,492.0,1431.0,53.4558441227157
0.0,test_image_12.png,448.0,1913.0,490.0,1835.0,95.39696961966992
0.0,test_image_12.png,448.0,1913.0,1335.0,1751.0,960.7300141024127
3.0,test_image_12.png,450.0,376.0,469.0,379.0,21.071067811865476
4.0,test_image_12.png,457.0,910.0,505.0,935.0,58.355339059327356
1.0,test_image_12.png,460.0,2483.0,461.0,2483.0,1.0
1.0,test_image_12.png,460.0,2483.0,461.0,2483.0,2.414213562373095
2.0,test_image_12.png,461.0,1401.0,465.0,1393.0,9.65685424949238
2.0,test_image_12.png,461.0,1401.0,487.0,1406.0,28.071067811865476
1.0,test_image_12.png,461.0,2483.0,471.0,2480.0,11.828427124746192
1.0,test_image_12.png,465.0,2448.0,471.0,2480.0,34.485281374238575
1.0,test_image_12.png,465.0,2448.0,516.0,2443.0,53.071067811865476
3.0,test_image_12.png,469.0,379.0,501.0,426.0,64.35533905932733
3.0,test_image_12.png,469.0,379.0,501.0,383.0,34.48528137423857
1.0,test_image_12.png,471.0,2480.0,477.0,2483.0,7.242640687119285
4.0,test_image_12.png,472.0,900.0,496.0,896.0,25.65685424949238
2.0,test_image_12.png,487.0,1406.0,492.0,1431.0,27.07106781186548
2.0,test_image_12.png,487.0,1406.0,1296.0,1387.0,854.9777054234144
2.0,test_image_12.png,492.0,1431.0,537.0,1428.0,50.38477631085022
4.0,test_image_12.png,496.0,896.0,543.0,891.0,49.65685424949238
4.0,test_image_12.png,496.0,896.0,505.0,935.0,42.72792206135786
3.0,test_image_12.png,501.0,383.0,726.0,606.0,348.0731598529196
3.0,test_image_12.png,501.0,383.0,593.0,393.0,96.97056274847712
4.0,test_image_12.png,505.0,935.0,632.0,1036.0,173.52186130069785
1.0,test_image_12.png,516.0,2443.0,925.0,2369.0,448.5218613006984
1.0,test_image_12.png,516.0,2443.0,518.0,2453.0,10.82842712474619
4.0,test_image_12.png,543.0,891.0,632.0,1036.0,184.20815280171325
4.0,test_image_12.png,543.0,891.0,580.0,884.0,39.89949493661167
4.0,test_image_12.png,580.0,884.0,729.0,1001.0,223.66399692442906
4.0,test_image_12.png,580.0,884.0,616.0,873.0,40.55634918610405
3.0,test_image_12.png,593.0,393.0,765.0,255.0,261.22034611053334
3.0,test_image_12.png,593.0,393.0,1243.0,415.0,693.0782104868028
4.0,test_image_12.png,616.0,873.0,671.0,820.0,86.91168824543136
4.0,test_image_12.png,616.0,873.0,762.0,875.0,157.35533905932746
4.0,test_image_12.png,632.0,1036.0,639.0,1038.0,7.82842712474619
4.0,test_image_12.png,639.0,1038.0,765.0,1052.0,142.52691193458116
4.0,test_image_12.png,639.0,1038.0,756.0,1120.0,163.40916292848976
4.0,test_image_12.png,762.0,875.0,766.0,856.0,20.656854249492383
4.0,test_image_12.png,762.0,875.0,851.0,845.0,101.4264068711928
4.0,test_image_12.png,851.0,845.0,852.0,835.0,10.414213562373096
4.0,test_image_12.png,851.0,845.0,1462.0,846.0,641.2375900532365
1.0,test_image_12.png,925.0,2369.0,933.0,2357.0,17.071067811865476
1.0,test_image_12.png,925.0,2369.0,1352.0,2335.0,446.8822509939089
3.0,test_image_12.png,1243.0,415.0,1246.0,398.0,18.242640687119287
3.0,test_image_12.png,1243.0,415.0,1252.0,417.0,9.82842712474619
3.0,test_image_12.png,1252.0,417.0,1254.0,432.0,15.828427124746192
3.0,test_image_12.png,1252.0,417.0,1336.0,438.0,93.28427124746186
3.0,test_image_12.png,1336.0,438.0,1394.0,452.0,65.79898987322332
3.0,test_image_12.png,1336.0,438.0,1347.0,427.0,19.071067811865476
0.0,test_image_13.png,473.0,888.0,496.0,894.0,25.48528137423857
1.0,test_image_13.png,473.0,2464.0,476.0,2466.0,3.82842712474619
2.0,test_image_13.png,476.0,1445.0,514.0,1445.0,42.727922061357845
1.0,test_image_13.png,476.0,2466.0,597.0,2545.0,167.6812408671319
1.0,test_image_13.png,476.0,2466.0,549.0,2464.0,76.31370849898475
3.0,test_image_13.png,477.0,1948.0,487.0,1946.0,10.828427124746192
3.0,test_image_13.png,487.0,1946.0,538.0,1948.0,54.07106781186547
3.0,test_image_13.png,487.0,1946.0,499.0,1979.0,37.970562748477136
0.0,test_image_13.png,496.0,894.0,497.0,896.0,2.414213562373095
0.0,test_image_13.png,496.0,894.0,620.0,806.0,165.72287142747456
0.0,test_image_13.png,497.0,896.0,662.0,928.0,193.56854249492386
0.0,test_image_13.png,497.0,896.0,568.0,895.0,73.89949493661166
4.0,test_image_13.png,499.0,398.0,520.0,380.0,36.89949493661167
2.0,test_image_13.png,514.0,1445.0,529.0,1486.0,47.79898987322331
2.0,test_image_13.png,514.0,1445.0,580.0,1450.0,68.07106781186548
4.0,test_image_13.png,520.0,380.0,766.0,265.0,310.9066376115484
4.0,test_image_13.png,520.0,380.0,587.0,386.0,69.48528137423857
3.0,test_image_13.png,538.0,1948.0,715.0,2128.0,273.71782079359184
3.0,test_image_13.png,538.0,1948.0,626.0,1959.0,92.55634918610401
1.0,test_image_13.png,549.0,2464.0,597.0,2545.0,102.05382386916229
1.0,test_image_13.png,549.0,2464.0,618.0,2465.0,69.41421356237309
0.0,test_image_13.png,568.0,895.0,641.0,915.0,87.38477631085024
0.0,test_image_13.png,568.0,895.0,640.0,897.0,76.14213562373094
2.0,test_image_13.png,580.0,1450.0,582.0,1440.0,10.82842712474619
2.0,test_image_13.png,580.0,1450.0,1527.0,1316.0,1025.4579361637707
4.0,test_image_13.png,587.0,386.0,662.0,420.0,98.94112549695424
4.0,test_image_13.png,587.0,386.0,645.0,377.0,61.727922061357845
1.0,test_image_13.png,597.0,2545.0,701.0,2550.0,114.35533905932732
1.0,test_image_13.png,618.0,2465.0,676.0,2434.0,72.01219330881973
1.0,test_image_13.png,618.0,2465.0,701.0,2550.0,128.75230867899722
3.0,test_image_13.png,626.0,1959.0,895.0,1832.0,330.97770542341414
3.0,test_image_13.png,626.0,1959.0,715.0,1989.0,103.4264068711928
0.0,test_image_13.png,640.0,897.0,660.0,895.0,21.414213562373096
0.0,test_image_13.png,640.0,897.0,641.0,915.0,18.414213562373096
0.0,test_image_13.png,641.0,915.0,662.0,924.0,24.727922061357862
4.0,test_image_13.png,645.0,377.0,662.0,420.0,50.041630560342604
4.0,test_image_13.png,645.0,377.0,718.0,362.0,79.2132034355964
0.0,test_image_13.png,660.0,895.0,662.0,924.0,31.485281374238575
0.0,test_image_13.png,660.0,895.0,698.0,887.0,41.31370849898476
4.0,test_image_13.png,662.0,420.0,936.0,555.0,329.91883092036863
0.0,test_image_13.png,662.0,924.0,662.0,928.0,4.0
0.0,test_image_13.png,662.0,928.0,747.0,974.0,104.63961030678921
1.0,test_image_13.png,676.0,2434.0,939.0,2299.0,352.859956417323
1.0,test_image_13.png,676.0,2434.0,750.0,2406.0,87.01219330881969
0.0,test_image_13.png,698.0,887.0,1616.0,923.0,958.3502884254448
0.0,test_image_13.png,698.0,887.0,751.0,966.0,102.12489168102775
1.0,test_image_13.png,701.0,2550.0,968.0,2657.0,312.97770542341436
3.0,test_image_13.png,715.0,1989.0,766.0,1925.0,87.4680374315354
3.0,test_image_13.png,715.0,1989.0,1751.0,1956.0,1090.8477631085034
4.0,test_image_13.png,718.0,362.0,796.0,326.0,94.6690475583121
4.0,test_image_13.png,718.0,362.0,974.0,510.0,325.50461735799536
0.0,test_image_13.png,747.0,974.0,751.0,966.0,9.65685424949238
0.0,test_image_13.png,747.0,974.0,812.0,1022.0,88.98275605729684
1.0,test_image_13.png,750.0,2406.0,958.0,2321.0,269.65180361560914
1.0,test_image_13.png,750.0,2406.0,908.0,2391.0,171.66904755831212
0.0,test_image_13.png,751.0,966.0,763.0,965.0,12.414213562373096
4.0,test_image_13.png,796.0,326.0,867.0,271.0,101.39696961966992
4.0,test_image_13.png,796.0,326.0,1767.0,348.0,1043.2741699796966
1.0,test_image_13.png,908.0,2391.0,956.0,2458.0,96.25483399593897
1.0,test_image_13.png,908.0,2391.0,1904.0,2314.0,1042.8061325481608
4.0,test_image_13.png,1767.0,348.0,1767.0,360.0,12.828427124746192
4.0,test_image_13.png,1767.0,348.0,1824.0,356.0,60.31370849898475
0.0,test_image_14.png,15.0,2495.0,141.0,2498.0,130.55634918610403
1.0,test_image_14.png,351.0,2698.0,417.0,2687.0,77.18376618407355
1.0,test_image_14.png,406.0,2675.0,417.0,2677.0,11.828427124746192
1.0,test_image_14.png,417.0,2677.0,417.0,2687.0,10.0
1.0,test_image_14.png,417.0,2677.0,506.0,2636.0,110.08326112068515
1.0,test_image_14.png,417.0,2687.0,428.0,2697.0,15.727922061357859
2.0,test_image_14.png,428.0,884.0,566.0,903.0,153.3259018078045
3.0,test_image_14.png,1450.0,303.0,1485.0,300.0,42.97056274847714
3.0,test_image_14.png,1454.0,343.0,1496.0,340.0,44.89949493661166
3.0,test_image_14.png,1477.0,318.0,1485.0,317.0,8.414213562373096
3.0,test_image_14.png,1485.0,300.0,1485.0,317.0,17.0
3.0,test_image_14.png,1485.0,300.0,1519.0,297.0,35.24264068711929
3.0,test_image_14.png,1485.0,317.0,1496.0,327.0,16.313708498984763
3.0,test_image_14.png,1496.0,327.0,1496.0,340.0,13.0
3.0,test_image_14.png,1496.0,327.0,1515.0,329.0,19.82842712474619
3.0,test_image_14.png,1496.0,340.0,1505.0,343.0,10.242640687119286
4.0,test_image_14.png,2240.0,454.0,2412.0,456.0,174.48528137423858
0.0,test_image_15.png,476.0,1441.0,803.0,1400.0,354.5096679918786
1.0,test_image_15.png,488.0,1943.0,814.0,1925.0,342.56854249492415
2.0,test_image_15.png,513.0,395.0,535.0,400.0,24.071067811865476
2.0,test_image_15.png,535.0,400.0,537.0,394.0,6.82842712474619
2.0,test_image_15.png,535.0,400.0,801.0,442.0,283.3969696196703
3.0,test_image_15.png,2041.0,139.0,2079.0,151.0,45.31370849898477
3.0,test_image_15.png,2073.0,159.0,2079.0,151.0,10.485281374238571
3.0,test_image_15.png,2073.0,186.0,2079.0,183.0,7.242640687119285
3.0,test_image_15.png,2079.0,151.0,2084.0,151.0,5.0
3.0,test_image_15.png,2079.0,183.0,2134.0,183.0,70.4558441227157
3.0,test_image_15.png,2079.0,183.0,2083.0,187.0,6.242640687119285
3.0,test_image_15.png,2084.0,151.0,2087.0,145.0,7.242640687119285
3.0,test_image_15.png,2084.0,151.0,2119.0,156.0,37.071067811865476
3.0,test_image_15.png,2119.0,156.0,2165.0,158.0,49.899494936611674
3.0,test_image_15.png,2119.0,156.0,2134.0,183.0,36.72792206135785
3.0,test_image_15.png,2134.0,183.0,2143.0,184.0,9.414213562373096
3.0,test_image_15.png,2159.0,188.0,2173.0,189.0,14.414213562373096
3.0,test_image_15.png,2165.0,158.0,2216.0,157.0,58.38477631085022
3.0,test_image_15.png,2165.0,158.0,2173.0,178.0,23.313708498984763
3.0,test_image_15.png,2173.0,178.0,2173.0,189.0,11.0
3.0,test_image_15.png,2173.0,178.0,2184.0,178.0,11.0
3.0,test_image_15.png,2173.0,189.0,2200.0,197.0,30.899494936611667
4.0,test_image_15.png,2202.0,2750.0,2222.0,2747.0,21.242640687119287
3.0,test_image_15.png,2216.0,157.0,2218.0,153.0,4.82842712474619
3.0,test_image_15.png,2216.0,157.0,2223.0,160.0,8.82842712474619
4.0,test_image_15.png,2218.0,2742.0,2222.0,2747.0,6.656854249492381
4.0,test_image_15.png,2222.0,2747.0,2239.0,2748.0,17.414213562373096
3.0,test_image_15.png,2223.0,160.0,2272.0,156.0,54.55634918610403
3.0,test_image_15.png,2223.0,160.0,2232.0,175.0,20.48528137423857
4.0,test_image_15.png,2236.0,2760.0,2239.0,2748.0,14.071067811865477
4.0,test_image_15.png,2239.0,2748.0,2264.0,2751.0,27.07106781186548
4.0,test_image_15.png,2264.0,2751.0,2269.0,2759.0,10.071067811865476
4.0,test_image_15.png,2264.0,2751.0,2282.0,2750.0,18.414213562373096
4.0,test_image_15.png,2281.0,2745.0,2282.0,2750.0,5.414213562373095
4.0,test_image_15.png,2282.0,2750.0,2330.0,2758.0,51.31370849898475
4.0,test_image_15.png,2329.0,2756.0,2330.0,2758.0,2.414213562373095
4.0,test_image_15.png,2330.0,2758.0,2350.0,2760.0,20.82842712474619
4.0,test_image_15.png,2350.0,2760.0,2421.0,2761.0,79.45584412271569
4.0,test_image_15.png,2350.0,2760.0,2365.0,2774.0,23.72792206135786
4.0,test_image_15.png,2421.0,2761.0,2424.0,2767.0,7.242640687119285
4.0,test_image_15.png,2421.0,2761.0,2431.0,2760.0,10.414213562373096
4.0,test_image_15.png,2431.0,2760.0,2432.0,2757.0,3.414213562373095
4.0,test_image_15.png,2431.0,2760.0,2438.0,2764.0,9.242640687119284
0.0,test_image_16.png,424.0,914.0,829.0,954.0,442.2792206135792
1.0,test_image_16.png,462.0,2466.0,840.0,2474.0,404.5096679918786
2.0,test_image_16.png,463.0,377.0,490.0,383.0,29.48528137423857
2.0,test_image_16.png,490.0,383.0,534.0,347.0,60.66904755831211
2.0,test_image_16.png,490.0,383.0,837.0,421.0,383.55129855222106
3.0,test_image_16.png,496.0,1941.0,884.0,1940.0,429.8355697996833
4.0,test_image_16.png,2057.0,2686.0,2063.0,2686.0,6.0
4.0,test_image_16.png,2060.0,2673.0,2064.0,2675.0,4.82842712474619
4.0,test_image_16.png,2063.0,2686.0,2063.0,2698.0,12.828427124746192
4.0,test_image_16.png,2063.0,2686.0,2064.0,2685.0,1.4142135623730951
4.0,test_image_16.png,2064.0,2675.0,2064.0,2685.0,10.0
4.0,test_image_16.png,2064.0,2675.0,2086.0,2681.0,28.142135623730958
4.0,test_image_16.png,2064.0,2685.0,2086.0,2681.0,25.89949493661167
4.0,test_image_16.png,2086.0,2681.0,2126.0,2682.0,40.41421356237309
4.0,test_image_16.png,2126.0,2682.0,2133.0,2693.0,15.071067811865477
4.0,test_image_16.png,2126.0,2682.0,2151.0,2681.0,27.89949493661167
4.0,test_image_16.png,2150.0,2704.0,2158.0,2701.0,9.242640687119286
4.0,test_image_16.png,2151.0,2681.0,2158.0,2701.0,22.899494936611667
4.0,test_image_16.png,2151.0,2681.0,2178.0,2682.0,29.899494936611667
4.0,test_image_16.png,2158.0,2701.0,2163.0,2704.0,6.242640687119286
4.0,test_image_16.png,2163.0,2704.0,2167.0,2702.0,5.414213562373095
4.0,test_image_16.png,2163.0,2704.0,2165.0,2710.0,6.82842712474619
4.0,test_image_16.png,2178.0,2682.0,2178.0,2698.0,16.0
4.0,test_image_16.png,2178.0,2682.0,2229.0,2690.0,54.31370849898475
4.0,test_image_16.png,2228.0,2705.0,2229.0,2690.0,15.414213562373096
4.0,test_image_16.png,2229.0,2690.0,2242.0,2690.0,13.0
4.0,test_image_16.png,2242.0,2686.0,2243.0,2688.0,2.414213562373095
4.0,test_image_16.png,2242.0,2690.0,2243.0,2688.0,2.414213562373095
4.0,test_image_16.png,2242.0,2690.0,2246.0,2696.0,7.65685424949238
4.0,test_image_16.png,2243.0,2688.0,2291.0,2691.0,51.72792206135784
4.0,test_image_16.png,2284.0,2709.0,2287.0,2708.0,3.414213562373095
4.0,test_image_16.png,2287.0,2708.0,2291.0,2691.0,18.656854249492383
4.0,test_image_16.png,2287.0,2708.0,2288.0,2710.0,2.414213562373095
4.0,test_image_16.png,2291.0,2691.0,2317.0,2688.0,28.071067811865476
4.0,test_image_16.png,2317.0,2688.0,2328.0,2686.0,13.242640687119286
4.0,test_image_16.png,2317.0,2688.0,2319.0,2697.0,9.82842712474619
0.0,test_image_17.png,432.0,1918.0,449.0,1921.0,18.242640687119284
1.0,test_image_17.png,435.0,2472.0,445.0,2469.0,11.242640687119287
1.0,test_image_17.png,445.0,2464.0,445.0,2469.0,5.0
1.0,test_image_17.png,445.0,2469.0,475.0,2468.0,31.242640687119287
0.0,test_image_17.png,449.0,1921.0,549.0,1909.0,112.87005768508878
0.0,test_image_17.png,449.0,1921.0,519.0,1950.0,86.69848480983497
2.0,test_image_17.png,458.0,1411.0,476.0,1407.0,19.656854249492383
3.0,test_image_17.png,474.0,898.0,505.0,892.0,33.48528137423857
1.0,test_image_17.png,475.0,2468.0,505.0,2454.0,37.55634918610404
1.0,test_image_17.png,475.0,2468.0,658.0,2531.0,223.72287142747456
2.0,test_image_17.png,476.0,1407.0,561.0,1315.0,138.23759005323586
2.0,test_image_17.png,476.0,1407.0,481.0,1407.0,5.0
2.0,test_image_17.png,481.0,1407.0,589.0,1414.0,115.62741699796949
2.0,test_image_17.png,481.0,1407.0,511.0,1455.0,61.012193308819725
3.0,test_image_17.png,505.0,892.0,589.0,878.0,95.11269837220809
3.0,test_image_17.png,505.0,892.0,543.0,940.0,66.66904755831209
1.0,test_image_17.png,505.0,2454.0,544.0,2424.0,56.11269837220807
1.0,test_image_17.png,505.0,2454.0,554.0,2446.0,58.45584412271568
4.0,test_image_17.png,512.0,397.0,520.0,397.0,8.82842712474619
0.0,test_image_17.png,519.0,1950.0,549.0,1909.0,54.59797974644664
0.0,test_image_17.png,519.0,1950.0,525.0,1956.0,9.65685424949238
4.0,test_image_17.png,520.0,397.0,649.0,485.0,170.72287142747467
4.0,test_image_17.png,520.0,397.0,1072.0,304.0,609.3330444827423
0.0,test_image_17.png,525.0,1956.0,571.0,2006.0,74.91168824543136
0.0,test_image_17.png,525.0,1956.0,583.0,1953.0,60.89949493661165
1.0,test_image_17.png,544.0,2424.0,583.0,2390.0,56.59797974644663
1.0,test_image_17.png,544.0,2424.0,554.0,2446.0,26.142135623730955
0.0,test_image_17.png,549.0,1909.0,782.0,1841.0,261.1665222413708
1.0,test_image_17.png,554.0,2446.0,632.0,2434.0,82.97056274847711
0.0,test_image_17.png,583.0,1953.0,606.0,1949.0,25.242640687119287
0.0,test_image_17.png,583.0,1953.0,640.0,2011.0,86.29646455628158
1.0,test_image_17.png,583.0,2390.0,588.0,2374.0,18.07106781186548
1.0,test_image_17.png,583.0,2390.0,599.0,2395.0,18.071067811865476
1.0,test_image_17.png,588.0,2374.0,616.0,2339.0,50.11269837220807
1.0,test_image_17.png,588.0,2374.0,706.0,2395.0,134.15432893255064
3.0,test_image_17.png,589.0,878.0,1128.0,853.0,583.9066376115491
3.0,test_image_17.png,589.0,878.0,641.0,937.0,85.2253967444161
2.0,test_image_17.png,589.0,1414.0,718.0,1499.0,168.3086578651016
2.0,test_image_17.png,589.0,1414.0,619.0,1407.0,32.89949493661167
0.0,test_image_17.png,606.0,1949.0,632.0,1944.0,28.656854249492383
0.0,test_image_17.png,606.0,1949.0,623.0,1970.0,29.798989873223338
2.0,test_image_17.png,619.0,1407.0,830.0,1281.0,269.6345596729066
2.0,test_image_17.png,619.0,1407.0,708.0,1409.0,93.14213562373094
0.0,test_image_17.png,632.0,1944.0,677.0,1931.0,52.97056274847714
0.0,test_image_17.png,632.0,1944.0,689.0,1970.0,71.28427124746189
1.0,test_image_17.png,632.0,2434.0,653.0,2399.0,44.28427124746189
1.0,test_image_17.png,632.0,2434.0,732.0,2411.0,112.59797974644661
0.0,test_image_17.png,677.0,1931.0,747.0,1914.0,77.62741699796949
0.0,test_image_17.png,677.0,1931.0,695.0,1964.0,41.62741699796952
0.0,test_image_17.png,689.0,1970.0,695.0,1964.0,9.071067811865476
0.0,test_image_17.png,689.0,1970.0,689.0,1972.0,2.0
0.0,test_image_17.png,695.0,1964.0,700.0,1966.0,5.82842712474619
2.0,test_image_17.png,708.0,1409.0,758.0,1444.0,69.18376618407355
2.0,test_image_17.png,708.0,1409.0,749.0,1411.0,44.31370849898475
1.0,test_image_17.png,732.0,2411.0,733.0,2402.0,9.414213562373096
1.0,test_image_17.png,732.0,2411.0,1122.0,2326.0,439.89444430272897
0.0,test_image_17.png,747.0,1914.0,751.0,1886.0,32.97056274847714
0.0,test_image_17.png,747.0,1914.0,1169.0,1963.0,469.9777054234145
2.0,test_image_17.png,749.0,1411.0,804.0,1437.0,69.28427124746187
2.0,test_image_17.png,749.0,1411.0,846.0,1394.0,105.69848480983498
2.0,test_image_17.png,846.0,1394.0,849.0,1383.0,12.242640687119286
2.0,test_image_17.png,846.0,1394.0,874.0,1399.0,30.07106781186548
2.0,test_image_17.png,874.0,1399.0,875.0,1412.0,13.414213562373096
2.0,test_image_17.png,874.0,1399.0,1202.0,1380.0,343.3259018078047
0.0,test_image_18.png,471.0,928.0,485.0,931.0,15.242640687119286
0.0,test_image_18.png,472.0,912.0,484.0,911.0,12.414213562373096
1.0,test_image_18.png,478.0,2434.0,507.0,2418.0,38.79898987322333
0.0,test_image_18.png,484.0,911.0,542.0,896.0,64.79898987322332
0.0,test_image_18.png,484.0,911.0,485.0,931.0,21.242640687119287
0.0,test_image_18.png,485.0,931.0,503.0,967.0,44.62741699796951
1.0,test_image_18.png,493.0,2455.0,497.0,2464.0,10.65685424949238
1.0,test_image_18.png,493.0,2474.0,493.0,2475.0,2.414213562373095
1.0,test_image_18.png,493.0,2474.0,493.0,2475.0,1.0
1.0,test_image_18.png,493.0,2474.0,497.0,2464.0,11.656854249492381
1.0,test_image_18.png,493.0,2475.0,494.0,2477.0,2.414213562373095
1.0,test_image_18.png,497.0,2464.0,510.0,2465.0,13.414213562373096
1.0,test_image_18.png,507.0,2418.0,510.0,2407.0,12.242640687119286
1.0,test_image_18.png,507.0,2418.0,630.0,2392.0,133.76955262170043
1.0,test_image_18.png,510.0,2465.0,510.0,2478.0,13.828427124746192
1.0,test_image_18.png,510.0,2465.0,516.0,2462.0,7.242640687119285
1.0,test_image_18.png,513.0,2458.0,516.0,2462.0,5.242640687119286
1.0,test_image_18.png,516.0,2462.0,526.0,2461.0,10.414213562373096
2.0,test_image_18.png,518.0,399.0,559.0,415.0,48.455844122715696
1.0,test_image_18.png,526.0,2461.0,529.0,2451.0,11.242640687119286
1.0,test_image_18.png,526.0,2461.0,584.0,2452.0,63.97056274847712
3.0,test_image_18.png,536.0,1938.0,561.0,1935.0,26.242640687119284
1.0,test_image_18.png,539.0,2445.0,584.0,2445.0,56.698484809834966
0.0,test_image_18.png,542.0,896.0,896.0,811.0,414.36248173426463
0.0,test_image_18.png,542.0,896.0,634.0,922.0,103.35533905932736
3.0,test_image_18.png,551.0,1949.0,561.0,1954.0,12.071067811865477
3.0,test_image_18.png,555.0,1964.0,561.0,1954.0,12.485281374238571
2.0,test_image_18.png,559.0,415.0,653.0,476.0,131.0243866176394
2.0,test_image_18.png,559.0,415.0,579.0,407.0,25.07106781186548
2.0,test_image_18.png,561.0,397.0,579.0,407.0,23.313708498984763
3.0,test_image_18.png,561.0,1935.0,567.0,1916.0,21.485281374238575
3.0,test_image_18.png,561.0,1935.0,569.0,1942.0,10.899494936611667
3.0,test_image_18.png,561.0,1954.0,569.0,1951.0,9.242640687119286
3.0,test_image_18.png,569.0,1942.0,569.0,1951.0,9.0
3.0,test_image_18.png,569.0,1942.0,588.0,1937.0,21.071067811865476
3.0,test_image_18.png,569.0,1951.0,624.0,1968.0,62.0416305603426
2.0,test_image_18.png,579.0,407.0,596.0,405.0,17.82842712474619
1.0,test_image_18.png,584.0,2445.0,584.0,2452.0,7.0
1.0,test_image_18.png,584.0,2445.0,639.0,2422.0,64.5269119345812
1.0,test_image_18.png,584.0,2452.0,626.0,2476.0,51.941125496954264
3.0,test_image_18.png,588.0,1937.0,590.0,1932.0,5.82842712474619
3.0,test_image_18.png,588.0,1937.0,590.0,1938.0,2.414213562373095
2.0,test_image_18.png,596.0,405.0,598.0,401.0,4.82842712474619
2.0,test_image_18.png,596.0,405.0,625.0,425.0,37.8700576850888
3.0,test_image_18.png,600.0,1943.0,607.0,1943.0,7.82842712474619
4.0,test_image_18.png,606.0,1875.0,1019.0,1742.0,470.575685169861
3.0,test_image_18.png,607.0,1943.0,608.0,1933.0,10.414213562373096
3.0,test_image_18.png,607.0,1943.0,636.0,1955.0,35.14213562373095
3.0,test_image_18.png,613.0,1930.0,672.0,1923.0,61.89949493661166
3.0,test_image_18.png,619.0,1893.0,676.0,1916.0,67.69848480983497
1.0,test_image_18.png,619.0,2495.0,627.0,2495.0,8.82842712474619
3.0,test_image_18.png,624.0,1968.0,649.0,1987.0,42.970562748477136
3.0,test_image_18.png,624.0,1968.0,636.0,1968.0,12.0
2.0,test_image_18.png,625.0,425.0,653.0,476.0,62.597979746446626
2.0,test_image_18.png,625.0,425.0,654.0,432.0,31.89949493661167
1.0,test_image_18.png,626.0,2476.0,627.0,2495.0,19.414213562373096
1.0,test_image_18.png,626.0,2476.0,697.0,2474.0,72.65685424949238
1.0,test_image_18.png,627.0,2495.0,742.0,2569.0,148.58073580374352
1.0,test_image_18.png,630.0,2392.0,857.0,2396.0,242.25483399593918
1.0,test_image_18.png,630.0,2392.0,632.0,2401.0,9.82842712474619
0.0,test_image_18.png,634.0,922.0,837.0,847.0,241.37972567696704
0.0,test_image_18.png,634.0,922.0,670.0,937.0,43.970562748477136
3.0,test_image_18.png,636.0,1955.0,636.0,1968.0,13.0
3.0,test_image_18.png,636.0,1955.0,674.0,1946.0,41.72792206135785
3.0,test_image_18.png,636.0,1968.0,649.0,1987.0,25.55634918610405
1.0,test_image_18.png,636.0,2407.0,639.0,2422.0,16.242640687119284
1.0,test_image_18.png,639.0,2422.0,780.0,2446.0,152.11269837220817
3.0,test_image_18.png,649.0,1987.0,677.0,2003.0,34.627416997969526
2.0,test_image_18.png,653.0,476.0,676.0,477.0,23.414213562373096
2.0,test_image_18.png,654.0,432.0,682.0,431.0,30.65685424949238
2.0,test_image_18.png,654.0,432.0,684.0,460.0,46.284271247461895
0.0,test_image_18.png,670.0,937.0,673.0,929.0,9.242640687119284
0.0,test_image_18.png,670.0,937.0,727.0,945.0,62.31370849898476
3.0,test_image_18.png,672.0,1923.0,676.0,1916.0,8.65685424949238
3.0,test_image_18.png,672.0,1923.0,674.0,1946.0,24.656854249492383
3.0,test_image_18.png,674.0,1946.0,679.0,1946.0,5.0
2.0,test_image_18.png,676.0,477.0,705.0,499.0,45.97056274847714
2.0,test_image_18.png,676.0,477.0,684.0,474.0,9.242640687119286
3.0,test_image_18.png,676.0,1916.0,698.0,1915.0,22.414213562373096
3.0,test_image_18.png,677.0,2003.0,682.0,2022.0,21.071067811865476
3.0,test_image_18.png,677.0,2003.0,773.0,2061.0,122.95331880577392
3.0,test_image_18.png,679.0,1946.0,701.0,1940.0,25.071067811865476
3.0,test_image_18.png,679.0,1946.0,709.0,1954.0,38.970562748477136
2.0,test_image_18.png,682.0,431.0,746.0,418.0,70.79898987322332
2.0,test_image_18.png,682.0,431.0,689.0,459.0,30.89949493661167
2.0,test_image_18.png,684.0,460.0,684.0,474.0,14.0
2.0,test_image_18.png,684.0,460.0,689.0,459.0,5.414213562373095
2.0,test_image_18.png,684.0,474.0,705.0,487.0,26.384776310850242
2.0,test_image_18.png,689.0,459.0,762.0,457.0,80.45584412271569
1.0,test_image_18.png,697.0,2474.0,751.0,2463.0,67.38477631085023
1.0,test_image_18.png,697.0,2474.0,724.0,2479.0,29.07106781186548
3.0,test_image_18.png,698.0,1915.0,863.0,1857.0,196.68124086713198
3.0,test_image_18.png,698.0,1915.0,704.0,1919.0,7.656854249492381
3.0,test_image_18.png,701.0,1940.0,704.0,1919.0,22.242640687119287
3.0,test_image_18.png,701.0,1940.0,709.0,1954.0,17.313708498984763
3.0,test_image_18.png,704.0,1919.0,743.0,1912.0,41.89949493661166
2.0,test_image_18.png,705.0,487.0,705.0,499.0,12.0
2.0,test_image_18.png,705.0,487.0,822.0,502.0,126.52691193458114
2.0,test_image_18.png,705.0,499.0,938.0,621.0,284.9482681718912
3.0,test_image_18.png,709.0,1954.0,737.0,1957.0,29.242640687119287
3.0,test_image_18.png,716.0,2061.0,773.0,2061.0,60.313708498984745
1.0,test_image_18.png,724.0,2479.0,792.0,2560.0,116.19595949289321
1.0,test_image_18.png,724.0,2479.0,751.0,2463.0,35.97056274847714
0.0,test_image_18.png,727.0,945.0,837.0,847.0,161.1370849898476
0.0,test_image_18.png,727.0,945.0,828.0,954.0,105.55634918610403
3.0,test_image_18.png,737.0,1957.0,780.0,1945.0,48.55634918610404
3.0,test_image_18.png,737.0,1957.0,899.0,2021.0,189.68124086713206
1.0,test_image_18.png,742.0,2569.0,792.0,2560.0,57.14213562373094
1.0,test_image_18.png,742.0,2569.0,916.0,2650.0,212.23759005323615
3.0,test_image_18.png,743.0,1912.0,863.0,1857.0,149.22539674441623
3.0,test_image_18.png,743.0,1912.0,763.0,1919.0,23.48528137423857
2.0,test_image_18.png,746.0,418.0,762.0,457.0,46.21320343559642
2.0,test_image_18.png,746.0,418.0,756.0,418.0,10.0
1.0,test_image_18.png,751.0,2463.0,768.0,2461.0,17.82842712474619
2.0,test_image_18.png,756.0,418.0,766.0,395.0,27.142135623730955
2.0,test_image_18.png,756.0,418.0,793.0,422.0,38.65685424949238
2.0,test_image_18.png,762.0,457.0,828.0,456.0,69.72792206135784
3.0,test_image_18.png,763.0,1919.0,790.0,1913.0,31.72792206135786
3.0,test_image_18.png,763.0,1919.0,782.0,1929.0,24.899494936611667
1.0,test_image_18.png,768.0,2461.0,780.0,2446.0,19.970562748477146
1.0,test_image_18.png,768.0,2461.0,797.0,2466.0,34.14213562373095
3.0,test_image_18.png,773.0,2061.0,776.0,2062.0,3.414213562373095
3.0,test_image_18.png,776.0,2062.0,778.0,2070.0,8.82842712474619
3.0,test_image_18.png,776.0,2062.0,1031.0,2132.0,285.65180361560925
3.0,test_image_18.png,780.0,1945.0,782.0,1929.0,16.82842712474619
3.0,test_image_18.png,780.0,1945.0,825.0,1958.0,50.384776310850235
1.0,test_image_18.png,780.0,2446.0,794.0,2446.0,14.0
3.0,test_image_18.png,782.0,1929.0,790.0,1928.0,8.414213562373096
3.0,test_image_18.png,790.0,1913.0,790.0,1928.0,15.0
3.0,test_image_18.png,790.0,1913.0,813.0,1911.0,23.82842712474619
3.0,test_image_18.png,790.0,1928.0,817.0,1929.0,29.899494936611667
1.0,test_image_18.png,792.0,2560.0,928.0,2577.0,148.01219330881975
2.0,test_image_18.png,793.0,422.0,857.0,375.0,93.42640687119281
2.0,test_image_18.png,793.0,422.0,809.0,428.0,19.071067811865476
1.0,test_image_18.png,794.0,2446.0,810.0,2437.0,20.313708498984763
1.0,test_image_18.png,794.0,2446.0,797.0,2466.0,21.242640687119287
1.0,test_image_18.png,797.0,2466.0,824.0,2468.0,27.82842712474619
2.0,test_image_18.png,809.0,428.0,851.0,415.0,47.97056274847713
2.0,test_image_18.png,809.0,428.0,828.0,456.0,36.45584412271571
1.0,test_image_18.png,810.0,2437.0,857.0,2396.0,70.42640687119282
1.0,test_image_18.png,810.0,2437.0,834.0,2445.0,27.899494936611667
3.0,test_image_18.png,813.0,1911.0,909.0,1899.0,107.35533905932733
3.0,test_image_18.png,813.0,1911.0,817.0,1929.0,19.65685424949238
3.0,test_image_18.png,817.0,1929.0,844.0,1941.0,33.72792206135786
1.0,test_image_18.png,824.0,2468.0,834.0,2445.0,27.142135623730955
1.0,test_image_18.png,824.0,2468.0,874.0,2478.0,54.97056274847712
3.0,test_image_18.png,825.0,1958.0,863.0,1942.0,59.45584412271568
3.0,test_image_18.png,825.0,1958.0,844.0,1941.0,27.798989873223338
2.0,test_image_18.png,828.0,456.0,836.0,456.0,8.0
0.0,test_image_18.png,828.0,954.0,920.0,861.0,143.9949493661166
0.0,test_image_18.png,828.0,954.0,854.0,965.0,30.55634918610405
1.0,test_image_18.png,834.0,2445.0,871.0,2450.0,39.89949493661166
2.0,test_image_18.png,836.0,456.0,857.0,456.0,24.07106781186548
2.0,test_image_18.png,836.0,456.0,836.0,458.0,2.0
0.0,test_image_18.png,837.0,847.0,892.0,838.0,60.38477631085023
3.0,test_image_18.png,844.0,1941.0,863.0,1942.0,19.414213562373096
2.0,test_image_18.png,851.0,415.0,864.0,392.0,28.384776310850242
2.0,test_image_18.png,851.0,415.0,885.0,417.0,35.65685424949238
0.0,test_image_18.png,854.0,965.0,911.0,990.0,95.84062043356589
0.0,test_image_18.png,854.0,965.0,891.0,970.0,39.071067811865476
1.0,test_image_18.png,857.0,2396.0,1049.0,2379.0,207.32590180780457
3.0,test_image_18.png,863.0,1857.0,958.0,1837.0,104.11269837220807
3.0,test_image_18.png,863.0,1942.0,894.0,1937.0,33.071067811865476
1.0,test_image_18.png,871.0,2450.0,902.0,2449.0,33.65685424949238
1.0,test_image_18.png,871.0,2450.0,874.0,2478.0,29.242640687119287
1.0,test_image_18.png,874.0,2478.0,919.0,2489.0,49.556349186104036
2.0,test_image_18.png,885.0,417.0,920.0,402.0,42.384776310850235
2.0,test_image_18.png,885.0,417.0,894.0,434.0,20.727922061357862
0.0,test_image_18.png,891.0,970.0,903.0,952.0,22.970562748477146
0.0,test_image_18.png,891.0,970.0,911.0,990.0,31.798989873223338
3.0,test_image_18.png,894.0,1937.0,909.0,1899.0,44.21320343559643
3.0,test_image_18.png,894.0,1937.0,931.0,1934.0,39.07106781186547
3.0,test_image_18.png,899.0,2021.0,1395.0,2067.0,542.1492782986682
3.0,test_image_18.png,899.0,2021.0,1031.0,2132.0,190.27922061357884
1.0,test_image_18.png,902.0,2449.0,905.0,2440.0,10.242640687119286
1.0,test_image_18.png,902.0,2449.0,960.0,2485.0,78.76955262170044
3.0,test_image_18.png,909.0,1899.0,937.0,1893.0,30.485281374238575
0.0,test_image_18.png,911.0,990.0,953.0,1000.0,46.14213562373095
1.0,test_image_18.png,919.0,2489.0,1022.0,2580.0,148.8944443027283
1.0,test_image_18.png,919.0,2489.0,960.0,2485.0,42.656854249492376
2.0,test_image_18.png,920.0,402.0,1049.0,309.0,180.40916292848976
2.0,test_image_18.png,920.0,402.0,929.0,413.0,15.313708498984763
3.0,test_image_18.png,931.0,1934.0,951.0,1928.0,23.07106781186548
3.0,test_image_18.png,931.0,1934.0,994.0,1994.0,94.88225099390847
3.0,test_image_18.png,937.0,1893.0,973.0,1881.0,42.970562748477136
3.0,test_image_18.png,937.0,1893.0,963.0,1904.0,30.55634918610405
3.0,test_image_18.png,951.0,1928.0,963.0,1904.0,28.970562748477146
3.0,test_image_18.png,951.0,1928.0,993.0,1934.0,44.48528137423857
0.0,test_image_18.png,953.0,1000.0,973.0,1039.0,50.213203435596405
0.0,test_image_18.png,953.0,1000.0,982.0,992.0,32.31370849898477
3.0,test_image_18.png,958.0,1837.0,959.0,1837.0,1.0
3.0,test_image_18.png,958.0,1837.0,959.0,1837.0,2.414213562373095
3.0,test_image_18.png,959.0,1837.0,1049.0,1829.0,96.3847763108502
1.0,test_image_18.png,960.0,2485.0,981.0,2487.0,21.82842712474619
3.0,test_image_18.png,963.0,1904.0,967.0,1904.0,4.0
3.0,test_image_18.png,967.0,1904.0,973.0,1881.0,25.48528137423857
3.0,test_image_18.png,967.0,1904.0,993.0,1910.0,29.071067811865476
3.0,test_image_18.png,973.0,1881.0,1022.0,1849.0,63.42640687119282
1.0,test_image_18.png,981.0,2487.0,1021.0,2455.0,55.01219330881973
1.0,test_image_18.png,981.0,2487.0,1013.0,2499.0,38.72792206135785
0.0,test_image_18.png,982.0,992.0,987.0,971.0,23.07106781186548
0.0,test_image_18.png,982.0,992.0,1051.0,993.0,71.07106781186548
3.0,test_image_18.png,993.0,1910.0,999.0,1930.0,22.485281374238575
3.0,test_image_18.png,993.0,1910.0,1084.0,1879.0,105.01219330881972
3.0,test_image_18.png,993.0,1934.0,999.0,1989.0,60.79898987322331
3.0,test_image_18.png,993.0,1934.0,999.0,1930.0,7.65685424949238
3.0,test_image_18.png,994.0,1994.0,1008.0,2010.0,24.142135623730955
3.0,test_image_18.png,994.0,1994.0,999.0,1989.0,7.0710678118654755
3.0,test_image_18.png,999.0,1930.0,1029.0,1933.0,31.242640687119287
3.0,test_image_18.png,999.0,1989.0,1003.0,1991.0,4.82842712474619
1.0,test_image_18.png,1013.0,2499.0,1029.0,2497.0,17.414213562373096
1.0,test_image_18.png,1013.0,2499.0,1022.0,2521.0,25.72792206135786
1.0,test_image_18.png,1022.0,2521.0,1023.0,2531.0,11.242640687119286
1.0,test_image_18.png,1022.0,2521.0,1053.0,2517.0,33.48528137423857
3.0,test_image_18.png,1029.0,1933.0,1072.0,1924.0,55.4558441227157
3.0,test_image_18.png,1029.0,1933.0,1058.0,1941.0,34.65685424949238
1.0,test_image_18.png,1029.0,2497.0,1096.0,2498.0,72.97056274847712
1.0,test_image_18.png,1029.0,2497.0,1053.0,2517.0,34.627416997969526
3.0,test_image_18.png,1031.0,2132.0,1057.0,2138.0,28.48528137423857
1.0,test_image_18.png,1049.0,2379.0,1052.0,2385.0,7.242640687119285
1.0,test_image_18.png,1049.0,2379.0,1165.0,2435.0,140.0243866176394
0.0,test_image_18.png,1051.0,993.0,1056.0,982.0,13.071067811865477
0.0,test_image_18.png,1051.0,993.0,1515.0,948.0,520.605122421384
1.0,test_image_18.png,1053.0,2517.0,1066.0,2522.0,15.656854249492383
3.0,test_image_18.png,1058.0,1941.0,1157.0,1967.0,112.59797974644663
3.0,test_image_18.png,1058.0,1941.0,1072.0,1930.0,19.72792206135786
1.0,test_image_18.png,1066.0,2522.0,1096.0,2518.0,32.242640687119284
1.0,test_image_18.png,1066.0,2522.0,1087.0,2552.0,38.698484809834994
3.0,test_image_18.png,1072.0,1924.0,1072.0,1930.0,6.0
3.0,test_image_18.png,1072.0,1924.0,1102.0,1904.0,38.284271247461895
3.0,test_image_18.png,1072.0,1930.0,1264.0,1924.0,201.9411254969543
1.0,test_image_18.png,1096.0,2498.0,1096.0,2518.0,20.0
1.0,test_image_18.png,1096.0,2498.0,1099.0,2498.0,3.0
1.0,test_image_18.png,1096.0,2518.0,1103.0,2518.0,7.0
1.0,test_image_18.png,1103.0,2518.0,1764.0,2513.0,729.203102167831
1.0,test_image_18.png,1103.0,2518.0,1130.0,2515.0,29.899494936611667
3.0,test_image_18.png,1157.0,1967.0,1175.0,1955.0,27.07106781186548
3.0,test_image_18.png,1157.0,1967.0,1176.0,1973.0,22.07106781186548
3.0,test_image_18.png,1176.0,1973.0,1177.0,1985.0,12.414213562373096
3.0,test_image_18.png,1176.0,1973.0,1764.0,2000.0,617.4091629284901
0.0,test_image_2.png,505.0,375.0,564.0,379.0,64.79898987322332
1.0,test_image_2.png,513.0,943.0,556.0,956.0,55.55634918610404
2.0,test_image_2.png,522.0,1426.0,555.0,1428.0,34.65685424949238
3.0,test_image_2.png,542.0,1965.0,592.0,2051.0,125.15432893255063
2.0,test_image_2.png,555.0,1428.0,562.0,1460.0,34.89949493661167
2.0,test_image_2.png,555.0,1428.0,597.0,1423.0,44.071067811865476
1.0,test_image_2.png,556.0,956.0,606.0,941.0,56.79898987322332
1.0,test_image_2.png,556.0,956.0,558.0,965.0,9.82842712474619
0.0,test_image_2.png,564.0,379.0,603.0,427.0,68.8406204335659
0.0,test_image_2.png,564.0,379.0,596.0,376.0,33.242640687119284
4.0,test_image_2.png,589.0,2421.0,650.0,2395.0,71.76955262170043
3.0,test_image_2.png,592.0,2051.0,622.0,2082.0,48.69848480983498
3.0,test_image_2.png,592.0,2051.0,686.0,2074.0,106.0121933088197
0.0,test_image_2.png,596.0,376.0,604.0,361.0,18.899494936611667
0.0,test_image_2.png,596.0,376.0,1517.0,159.0,1013.3696244092025
2.0,test_image_2.png,597.0,1423.0,676.0,1408.0,86.62741699796949
2.0,test_image_2.png,597.0,1423.0,608.0,1446.0,28.727922061357862
4.0,test_image_2.png,650.0,2395.0,712.0,2320.0,107.12489168102775
4.0,test_image_2.png,650.0,2395.0,810.0,2363.0,173.25483399593907
2.0,test_image_2.png,676.0,1408.0,769.0,1392.0,100.7989898732233
2.0,test_image_2.png,676.0,1408.0,679.0,1419.0,12.242640687119287
3.0,test_image_2.png,686.0,2074.0,726.0,2120.0,69.59797974644663
3.0,test_image_2.png,686.0,2074.0,734.0,2082.0,52.14213562373094
3.0,test_image_2.png,734.0,2082.0,736.0,2094.0,12.828427124746192
3.0,test_image_2.png,734.0,2082.0,895.0,2062.0,173.18376618407368
2.0,test_image_2.png,769.0,1392.0,871.0,1366.0,113.35533905932733
2.0,test_image_2.png,769.0,1392.0,832.0,1459.0,98.36753236814704
4.0,test_image_2.png,810.0,2363.0,1664.0,2247.0,908.1909088590107
4.0,test_image_2.png,810.0,2363.0,832.0,2400.0,46.11269837220808
2.0,test_image_2.png,871.0,1366.0,1330.0,1289.0,498.1076477383254
2.0,test_image_2.png,871.0,1366.0,928.0,1410.0,81.0832611206852
3.0,test_image_2.png,895.0,2052.0,895.0,2062.0,10.828427124746192
3.0,test_image_2.png,895.0,2062.0,1031.0,2023.0,152.74011537017765
3.0,test_image_2.png,1031.0,2023.0,1058.0,1982.0,52.76955262170044
3.0,test_image_2.png,1031.0,2023.0,1875.0,1893.0,900.333044482742
0.0,test_image_3.png,512.0,439.0,662.0,425.0,156.62741699796953
1.0,test_image_3.png,512.0,1950.0,618.0,1934.0,115.69848480983498
2.0,test_image_3.png,512.0,2455.0,515.0,2455.0,3.0
2.0,test_image_3.png,514.0,2457.0,515.0,2455.0,2.414213562373095
2.0,test_image_3.png,515.0,2455.0,583.0,2458.0,71.72792206135784
3.0,test_image_3.png,529.0,1445.0,573.0,1433.0,48.97056274847713
0.0,test_image_4.png,472.0,934.0,510.0,946.0,42.97056274847714
1.0,test_image_4.png,494.0,1453.0,727.0,1444.0,245.0121933088199
2.0,test_image_4.png,498.0,440.0,813.0,447.0,342.75230867899785
3.0,test_image_4.png,503.0,1964.0,790.0,1871.0,334.1492782986684
0.0,test_image_4.png,510.0,946.0,511.0,951.0,5.414213562373095
0.0,test_image_4.png,510.0,946.0,795.0,976.0,299.91168824543166
4.0,test_image_4.png,512.0,2468.0,626.0,2460.0,118.14213562373095
0.0,test_image_5.png,506.0,1922.0,725.0,1905.0,234.9116882454315
1.0,test_image_5.png,513.0,2445.0,711.0,2496.0,221.61017305526678
2.0,test_image_5.png,514.0,1431.0,584.0,1411.0,85.45584412271572
3.0,test_image_5.png,524.0,927.0,751.0,908.0,243.15432893255087
4.0,test_image_5.png,547.0,418.0,808.0,441.0,288.85281374238593
0.0,test_image_6.png,490.0,2415.0,518.0,2417.0,28.82842712474619
1.0,test_image_6.png,491.0,1913.0,568.0,1926.0,84.04163056034258
2.0,test_image_6.png,503.0,898.0,968.0,842.0,498.96551211459445
3.0,test_image_6.png,512.0,1452.0,969.0,1356.0,515.1909088590108
0.0,test_image_6.png,518.0,2417.0,534.0,2404.0,23.142135623730955
0.0,test_image_6.png,518.0,2417.0,554.0,2434.0,44.21320343559642
4.0,test_image_6.png,525.0,415.0,817.0,437.0,313.5391052434013
0.0,test_image_6.png,554.0,2434.0,567.0,2455.0,28.142135623730955
0.0,test_image_6.png,554.0,2434.0,766.0,2408.0,231.6396103067895
1.0,test_image_6.png,568.0,1926.0,578.0,1896.0,34.14213562373095
1.0,test_image_6.png,568.0,1926.0,942.0,1884.0,399.6812408671323
0.0,test_image_7.png,509.0,906.0,599.0,891.0,101.97056274847714
1.0,test_image_7.png,512.0,2445.0,544.0,2447.0,33.65685424949238
2.0,test_image_7.png,520.0,1423.0,587.0,1426.0,69.07106781186548
3.0,test_image_7.png,529.0,394.0,542.0,402.0,18.071067811865476
4.0,test_image_7.png,534.0,1928.0,908.0,1971.0,400.0954544295055
3.0,test_image_7.png,542.0,402.0,546.0,395.0,8.65685424949238
3.0,test_image_7.png,542.0,402.0,569.0,412.0,31.72792206135786
1.0,test_image_7.png,544.0,2447.0,550.0,2432.0,17.48528137423857
1.0,test_image_7.png,544.0,2447.0,672.0,2454.0,134.2132034355964
3.0,test_image_7.png,569.0,412.0,569.0,423.0,11.0
3.0,test_image_7.png,569.0,412.0,917.0,426.0,356.284271247462
0.0,test_image_7.png,599.0,891.0,609.0,872.0,23.72792206135786
0.0,test_image_7.png,599.0,891.0,695.0,900.0,109.52691193458114
1.0,test_image_7.png,672.0,2454.0,986.0,2459.0,349.89444430272874
1.0,test_image_7.png,672.0,2454.0,674.0,2451.0,3.8284271247461903
0.0,test_image_8.png,505.0,1450.0,518.0,1447.0,14.242640687119287
1.0,test_image_8.png,508.0,2466.0,562.0,2461.0,57.727922061357845
2.0,test_image_8.png,512.0,1964.0,516.0,1965.0,5.82842712474619
3.0,test_image_8.png,513.0,442.0,570.0,438.0,60.071067811865476
0.0,test_image_8.png,514.0,1435.0,518.0,1438.0,5.242640687119286
2.0,test_image_8.png,514.0,1976.0,516.0,1965.0,11.828427124746192
2.0,test_image_8.png,516.0,1965.0,532.0,1965.0,16.0
0.0,test_image_8.png,518.0,1438.0,518.0,1447.0,9.0
0.0,test_image_8.png,518.0,1438.0,525.0,1436.0,7.82842712474619
0.0,test_image_8.png,518.0,1447.0,650.0,1447.0,135.31370849898474
2.0,test_image_8.png,532.0,1965.0,634.0,1970.0,106.31370849898475
2.0,test_image_8.png,532.0,1965.0,545.0,1933.0,37.384776310850235
4.0,test_image_8.png,536.0,963.0,543.0,946.0,19.899494936611667
4.0,test_image_8.png,542.0,943.0,543.0,946.0,3.414213562373095
4.0,test_image_8.png,543.0,946.0,595.0,951.0,54.071067811865476
1.0,test_image_8.png,562.0,2461.0,664.0,2382.0,139.99494936611663
1.0,test_image_8.png,562.0,2461.0,600.0,2466.0,40.071067811865476
3.0,test_image_8.png,570.0,438.0,573.0,430.0,9.242640687119284
3.0,test_image_8.png,570.0,438.0,586.0,441.0,17.242640687119284
3.0,test_image_8.png,586.0,441.0,958.0,327.0,439.50461735799547
3.0,test_image_8.png,586.0,441.0,662.0,469.0,88.76955262170043
4.0,test_image_8.png,595.0,951.0,611.0,986.0,42.79898987322332
4.0,test_image_8.png,595.0,951.0,678.0,964.0,88.38477631085021
1.0,test_image_8.png,600.0,2466.0,650.0,2558.0,113.88225099390846
1.0,test_image_8.png,600.0,2466.0,634.0,2464.0,34.828427124746185
2.0,test_image_8.png,634.0,1970.0,662.0,1952.0,37.21320343559643
2.0,test_image_8.png,634.0,1970.0,684.0,1978.0,59.79898987322332
1.0,test_image_8.png,634.0,2464.0,713.0,2424.0,128.74011537017756
1.0,test_image_8.png,634.0,2464.0,656.0,2468.0,23.65685424949238
0.0,test_image_8.png,650.0,1447.0,656.0,1465.0,20.485281374238575
0.0,test_image_8.png,650.0,1447.0,1787.0,1502.0,1212.8010819142783
1.0,test_image_8.png,656.0,2468.0,689.0,2515.0,63.59797974644662
1.0,test_image_8.png,656.0,2468.0,728.0,2452.0,78.62741699796949
3.0,test_image_8.png,662.0,469.0,978.0,359.0,387.6051224213836
3.0,test_image_8.png,662.0,469.0,729.0,467.0,73.97056274847712
2.0,test_image_8.png,662.0,1952.0,702.0,1915.0,58.840620433565924
2.0,test_image_8.png,662.0,1952.0,684.0,1978.0,36.87005768508881
4.0,test_image_8.png,678.0,964.0,692.0,984.0,31.313708498984766
4.0,test_image_8.png,678.0,964.0,776.0,974.0,102.14213562373094
2.0,test_image_8.png,684.0,1978.0,735.0,1965.0,57.21320343559641
1.0,test_image_8.png,689.0,2515.0,689.0,2517.0,2.0
1.0,test_image_8.png,689.0,2515.0,723.0,2504.0,40.79898987322333
2.0,test_image_8.png,702.0,1915.0,1257.0,1792.0,608.877200360026
2.0,test_image_8.png,702.0,1915.0,735.0,1965.0,65.42640687119282
1.0,test_image_8.png,728.0,2452.0,910.0,2356.0,230.55129855222077
1.0,test_image_8.png,728.0,2452.0,776.0,2448.0,50.48528137423857
3.0,test_image_8.png,729.0,467.0,763.0,510.0,58.254833995939
3.0,test_image_8.png,729.0,467.0,769.0,452.0,47.38477631085023
2.0,test_image_8.png,735.0,1965.0,766.0,1990.0,42.52691193458118
3.0,test_image_8.png,769.0,452.0,846.0,427.0,120.12489168102775
3.0,test_image_8.png,769.0,452.0,786.0,452.0,17.0
4.0,test_image_8.png,776.0,974.0,784.0,954.0,23.313708498984766
4.0,test_image_8.png,776.0,974.0,1016.0,929.0,261.710678118655
1.0,test_image_8.png,776.0,2448.0,828.0,2432.0,59.21320343559641
1.0,test_image_8.png,776.0,2448.0,914.0,2477.0,160.6396103067893
3.0,test_image_8.png,786.0,452.0,838.0,441.0,57.14213562373094
3.0,test_image_8.png,786.0,452.0,812.0,479.0,47.72792206135786
1.0,test_image_8.png,828.0,2432.0,988.0,2342.0,217.2792206135789
1.0,test_image_8.png,828.0,2432.0,860.0,2433.0,33.24264068711929
3.0,test_image_8.png,838.0,441.0,846.0,427.0,17.313708498984763
3.0,test_image_8.png,838.0,441.0,987.0,486.0,176.61017305526642
3.0,test_image_8.png,846.0,427.0,960.0,389.0,130.32590180780443
1.0,test_image_8.png,860.0,2433.0,1157.0,2448.0,312.0832611206854
1.0,test_image_8.png,860.0,2433.0,914.0,2477.0,77.49747468305827
1.0,test_image_8.png,914.0,2477.0,1005.0,2477.0,95.14213562373094
3.0,test_image_8.png,960.0,389.0,978.0,359.0,37.45584412271571
3.0,test_image_8.png,960.0,389.0,1016.0,372.0,64.45584412271567
3.0,test_image_8.png,978.0,359.0,1016.0,372.0,44.556349186104036
3.0,test_image_8.png,1016.0,372.0,1041.0,371.0,27.656854249492383
4.0,test_image_8.png,1016.0,929.0,1022.0,947.0,20.485281374238575
4.0,test_image_8.png,1016.0,929.0,2520.0,606.0,1646.0752518939753
3.0,test_image_8.png,1041.0,371.0,1049.0,350.0,24.313708498984766
3.0,test_image_8.png,1041.0,371.0,1297.0,314.0,282.9238815542514
3.0,test_image_8.png,1297.0,314.0,1339.0,342.0,57.69848480983498
3.0,test_image_8.png,1297.0,314.0,1343.0,304.0,50.72792206135786
3.0,test_image_8.png,1343.0,304.0,1411.0,383.0,114.19595949289321
3.0,test_image_8.png,1343.0,304.0,1530.0,256.0,206.88225099390877
0.0,test_image_9.png,458.0,915.0,995.0,895.0,557.7106781186552
1.0,test_image_9.png,460.0,1973.0,911.0,1986.0,472.1248916810282
2.0,test_image_9.png,463.0,2477.0,484.0,2472.0,24.485281374238575
2.0,test_image_9.png,484.0,2472.0,485.0,2456.0,17.242640687119287
2.0,test_image_9.png,484.0,2472.0,523.0,2471.0,39.41421356237309
3.0,test_image_9.png,500.0,1457.0,616.0,1446.0,122.21320343559638
4.0,test_image_9.png,505.0,409.0,609.0,428.0,114.45584412271569
2.0,test_image_9.png,523.0,2459.0,523.0,2471.0,12.828427124746192
2.0,test_image_9.png,523.0,2471.0,564.0,2468.0,43.071067811865476
2.0,test_image_9.png,536.0,2506.0,564.0,2468.0,59.21320343559641
2.0,test_image_9.png,564.0,2468.0,584.0,2455.0,25.970562748477146
2.0,test_image_9.png,582.0,2453.0,584.0,2455.0,2.8284271247461903
2.0,test_image_9.png,584.0,2455.0,1095.0,2467.0,548.2792206135791
4.0,test_image_9.png,609.0,428.0,613.0,442.0,15.656854249492383
4.0,test_image_9.png,609.0,428.0,1050.0,443.0,473.7228714274751
3.0,test_image_9.png,616.0,1446.0,1122.0,1414.0,568.2325394193538
3.0,test_image_9.png,616.0,1446.0,648.0,1463.0,41.38477631085023
